Date ,Open,High,Low,Close,Shares Traded ,Turnover (₹ Cr)
01-Jul-22,15861.6,15966.05,15679.3,15925.95,662502616,32550.37
04-Jul-22,15894.7,16033.9,15844.65,16018.15,506472533,25114.55
05-Jul-22,16093.55,16209.3,15973.35,16001.6,460877735,25068.66
06-Jul-22,16009.3,16217.2,15990.15,16196.25,509781748,29706.06
07-Jul-22,16322.15,16355.75,16251.65,16339.1,537405844,27777.66
08-Jul-22,16475.85,16477.35,16353.1,16424,466291324,26001.38
11-Jul-22,16346.75,16491.1,16331.2,16465.1,474969741,28076.14
12-Jul-22,16380.15,16421.95,16293.8,16323.5,468966651,23378.99
13-Jul-22,16396.95,16411.55,16220.15,16237.25,460657028,26495.62
14-Jul-22,16294.75,16329.55,16115.65,16213.05,448960438,26821.76
15-Jul-22,16287.85,16334.65,16204.05,16317.2,438198765,25880.37
18-Jul-22,16423.85,16559.2,16415.15,16548.15,437767537,25720.07
19-Jul-22,16460.95,16634.35,16460.95,16614.05,460307041,24649.11
20-Jul-22,16829.05,16846.95,16744.3,16773.7,585700102,30439.11
21-Jul-22,16777.25,16904.4,16737.8,16881.7,444196300,28312
22-Jul-22,16940.2,17002.9,16872.4,16970.7,380785902,25046.15
25-Jul-22,16924.3,16960.3,16825.45,16892.1,613885963,26522.28
26-Jul-22,16896.4,16899,16710,16733.3,785774747,27954.21
27-Jul-22,16724,16900.95,16687.25,16889.55,736827380,24919.82
28-Jul-22,17016.1,17186.4,16985.15,17169.7,865342477,35944.72
29-Jul-22,17317.35,17413.85,17266,17400.75,855219782,37250.02
01-Aug-22,17487.65,17614.2,17396,17598.8,758307716,30796.3
02-Aug-22,17576.05,17656.9,17489.8,17618.25,1129136383,32728.33
03-Aug-22,17621.25,17665.35,17487.7,17646,1101499402,32366.56
04-Aug-22,17723.5,17753.85,17420.4,17652.95,997639204,33681.46
05-Aug-22,17699.35,17747.4,17625.35,17655.5,1079704008,32477.93
08-Aug-22,17664.2,17799.9,17621.15,17784.8,589792852,25588.64
10-Aug-22,17829.45,17829.45,17695.8,17784.9,706978275,28925.48
11-Aug-22,17955.9,17962.35,17883.1,17913.95,641188659,27609.58
12-Aug-22,17916.65,17982.9,17857.75,17956.8,853801337,27596.08
16-Aug-22,18056.25,18118.45,18028.1,18107.25,761850006,30089.29
17-Aug-22,18154.2,18258.15,18125.85,18235.55,770958783,31696.92
18-Aug-22,18195.65,18277.1,18156.3,18264.4,771766329,29266.16
19-Aug-22,18281.6,18304.7,18026.6,18071.1,815902704,34665.63
22-Aug-22,18001.3,18007.1,17767.25,17792.45,703536891,29513.94
23-Aug-22,17654.5,17926.95,17644.6,17878.4,689334291,30389.71
24-Aug-22,17832.85,17933.1,17790.9,17917.3,570026886,26750.18
25-Aug-22,17992.8,18044.85,17813.8,17847.65,592190669,26539.97
26-Aug-22,17949.1,18017.45,17855.95,17893.8,585676675,24915.38
29-Aug-22,17499.75,17730.1,17486.85,17666.45,522831347,26926.25
30-Aug-22,17776.75,18131.3,17766.85,18112.4,688366974,37000.16
01-Sep-22,17858.45,18063.9,17850.15,17924.3,709690218,35784.27
02-Sep-22,17989.5,18029.4,17871.2,17916,565765282,28125.9
05-Sep-22,17928.8,18041.65,17922.95,18021.65,475941550,23289.86
06-Sep-22,18061.9,18125.05,17955.25,18031.3,633633612,26673.32
07-Sep-22,17906.65,18036.75,17874.65,18008.1,629120244,33568.13
08-Sep-22,18135.85,18178.2,18067.85,18168.85,640331216,31691.32
09-Sep-22,18298.9,18298.9,18148.5,18198.1,625387683,29161.91
12-Sep-22,18257.85,18352.8,18255.55,18319.8,498666726,25730.73
13-Sep-22,18429.05,18471.05,18393.45,18453.7,677479930,31054.33
14-Sep-22,18147.6,18486.95,18147.6,18405.6,817958520,40791.57
15-Sep-22,18459.9,18505.2,18282.75,18316.9,672747588,35045.74
16-Sep-22,18239.15,18259.1,17898.3,17938.1,1046329817,52993.84
19-Sep-22,17958.3,18080.65,17828.75,18025.25,633455394,31892.7
20-Sep-22,18180.9,18329,18161.35,18222.1,599208501,31251.04
21-Sep-22,18180.55,18255.45,18041.15,18091.9,544116980,31655.4
22-Sep-22,17988.5,18111.45,17914.15,18030.4,571313506,30559.46
23-Sep-22,18004.95,18050.1,17686.05,17718.45,683135801,32096.96
26-Sep-22,17549,17576.4,17329.3,17374.8,831865971,37167.46
27-Sep-22,17469.9,17544.15,17290.85,17366.4,651351673,31863.36
28-Sep-22,17229,17401.4,17179.25,17219.55,621529309,29101.16
29-Sep-22,17361.85,17403.55,17139.25,17167.75,747058800,39217.71
30-Sep-22,17146.95,17518.1,17080.65,17438.6,655068180,35737.16
03-Oct-22,17448.7,17469.9,17137.3,17190.9,495344880,29440.96
04-Oct-22,17470.75,17602.05,17444.4,17589.3,431258383,26280.47
06-Oct-22,17700.85,17750.6,17647.4,17662.8,502210149,28450.2
07-Oct-22,17624.6,17660.15,17532.9,17641.45,541688572,24616.71
10-Oct-22,17419.2,17596.15,17380.6,17553.15,450287642,22148.86
11-Oct-22,17582.2,17585.75,17251.15,17285.85,494692294,28506.85
12-Oct-22,17330.8,17440.45,17249.9,17423.4,451989351,24151.61
13-Oct-22,17393,17417.15,17247.4,17302.15,446348804,23069.01
14-Oct-22,17612.85,17620.85,17418.55,17432.55,419109863,23200.22
17-Oct-22,17395.2,17580.25,17335.5,17560.5,396284150,23433.54
18-Oct-22,17685.15,17774,17681.85,17741.2,526689417,25120.21
19-Oct-22,17822.65,17862.05,17721.25,17756.25,405708189,23642.23
20-Oct-22,17670.6,17850.8,17665.9,17829.45,477837828,25037.56
21-Oct-22,17887.95,17915.25,17751.25,17808.8,500352198,30934.45
24-Oct-22,17973.75,18008.5,17926.95,17951.3,79957768,4766.25
25-Oct-22,18023.9,18027.3,17871,17887.4,495935445,26465.47
27-Oct-22,18002.05,18027.95,17899.65,17989,577654252,32358.75
28-Oct-22,18011.3,18065.05,17950.1,18017.2,468200586,25803.05
31-Oct-22,18133.75,18256.65,18125.1,18243.4,481944829,28668.88
01-Nov-22,18354.9,18397.55,18290.35,18383.2,576440671,34730.25
02-Nov-22,18413,18413.9,18287.35,18322.4,468157775,27084.98
03-Nov-22,18206.9,18344.05,18198,18297.4,402498189,22265.79
04-Nov-22,18301.95,18377.25,18254.65,18361.45,494408351,28541.83
07-Nov-22,18456.45,18496.95,18309.4,18450.15,685745202,35060.05
09-Nov-22,18534.65,18538.05,18363.85,18406.25,623903832,33780.98
10-Nov-22,18302.35,18356.25,18202.15,18267.1,531651402,27437.64
11-Nov-22,18505.95,18586.15,18498.9,18573.35,1005918620,42055.5
14-Nov-22,18603.95,18626.15,18547.05,18568.4,668369172,30870.23
15-Nov-22,18603.65,18656.55,18516.8,18635.4,479599069,25752.4
16-Nov-22,18632.7,18657.5,18546.95,18615.5,485905800,28602.77
17-Nov-22,18569.6,18618.9,18501.15,18532.45,494522271,26533.1
18-Nov-22,18575.75,18587.85,18385.45,18483.2,461090184,24541.36
21-Nov-22,18426.1,18439.65,18305.75,18334.65,437460150,20808.52
22-Nov-22,18353.2,18421.85,18307.85,18407.5,420710813,22431.11
23-Nov-22,18487.25,18487.4,18411.1,18433.8,428770837,23213.12
24-Nov-22,18492.3,18665.95,18462.95,18627.25,475596395,25208.4
25-Nov-22,18673.8,18677.1,18583.85,18652.05,459912555,23904.15
28-Nov-22,18582.55,18751,18521.6,18696.75,449366729,26289.93
29-Nov-22,18691.55,18815.9,18689.6,18758.35,418547673,24387.78
30-Nov-22,18771.35,18980.75,18762.6,18919.55,1135332237,48778.25
01-Dec-22,19034.2,19039.4,18939.6,18973.05,622998762,31618.76
02-Dec-22,18925.85,18948.15,18812.6,18870.25,543800242,28761.85
05-Dec-22,18898,18905.6,18755.5,18867.65,546372142,26420.31
06-Dec-22,18777.6,18832.6,18760.2,18821.55,424767766,24086.06
07-Dec-22,18826.35,18858.3,18721.85,18754,393286952,24742.19
08-Dec-22,18770.8,18820.35,18739,18802,440797208,25806.12
09-Dec-22,18859.4,18861.3,18594.7,18687.65,519690427,29362.71
12-Dec-22,18605.2,18711.2,18536.45,18690.8,395005467,23693.06
13-Dec-22,18724.05,18793.7,18688.95,18781.65,358000819,22607.61
14-Dec-22,18842.85,18872.65,18817.35,18837.25,400875880,23224.27
15-Dec-22,18795.55,18833.65,18576,18604.45,376507976,22181.9
16-Dec-22,18512.15,18624.65,18432,18446.3,536648695,31052.81
19-Dec-22,18466.7,18616.45,18419.45,18604.5,329840017,19748.05
20-Dec-22,18532.95,18589.5,18391.2,18570.4,343411440,20964.61
21-Dec-22,18621.3,18664.75,18324.4,18361.15,403210012,23883.42
22-Dec-22,18447,18484.95,18212.5,18277.85,434457105,23191.8
23-Dec-22,18128.5,18193,17855.15,17888.05,542363107,26227.87
26-Dec-22,17910.65,18204.2,17834.1,18134.6,421674662,19934.93
27-Dec-22,18214.95,18280.5,18097.75,18263.55,396290540,18092.21
28-Dec-22,18220.35,18317.4,18200.2,18270.95,399914494,19501.25
29-Dec-22,18192.2,18387.6,18124.8,18343.6,468492936,25341.9
30-Dec-22,18422.4,18434.2,18232.3,18258.75,352046560,19497.4
02-Jan-23,18290.2,18350.9,18237.45,18334.3,391002847,15904.28
03-Jan-23,18310.65,18398.95,18298.55,18376.5,373388886,18672.81
04-Jan-23,18375.65,18385.9,18153.05,18173.45,436064557,23142.57
05-Jan-23,18236.55,18256.3,18032.45,18150,432833352,27700.83
06-Jan-23,18165.95,18200.3,17951.8,18013.95,402620783,22661.45
09-Jan-23,18111.3,18276.25,18098,18248.55,421982279,24842.82
10-Jan-23,18270,18274.4,18008.3,18081,462384104,25603.06
11-Jan-23,18094.65,18135.3,17988.2,18054.3,439497604,25069.2
12-Jan-23,18080.55,18105.15,17932.75,18028.3,435102300,26608.75
13-Jan-23,18041.2,18157.15,17949.15,18126.25,437769467,26758.57
16-Jan-23,18191.85,18212,18029,18074.2,360491215,22876.17
17-Jan-23,18102.15,18235.35,18065.45,18216.4,462879483,24529.25
18-Jan-23,18237.6,18324.3,18189.55,18307.4,503577655,26606.13
19-Jan-23,18260.1,18291.65,18202.8,18244.75,413198241,23657.42
20-Jan-23,18252.8,18278.15,18156,18169.45,449789814,26781.31
23-Jan-23,18254.7,18292.5,18203.85,18249.35,391156123,23138.23
24-Jan-23,18313.6,18323.75,18210.5,18245.35,428278621,25875.95
25-Jan-23,18213.55,18219.9,17950.4,17974.35,732556490,30711.7
27-Jan-23,17946,17953.3,17483.9,17594.5,973111249,53348.32
30-Jan-23,17498.65,17676.6,17331.9,17571.85,847394241,51363.81
31-Jan-23,17636.75,17644.15,17467.5,17601,812677778,46556.37
01-Feb-23,17744.85,17866.95,17247.6,17516.15,962048217,52846.73
02-Feb-23,17401.25,17534.35,17321,17490.3,823470101,47606.56
03-Feb-23,17574.5,17701.8,17422.2,17687.35,742945356,43363.36
06-Feb-23,17648.7,17652.2,17541.8,17611.45,542865815,29344.74
07-Feb-23,17626.45,17654.9,17504.25,17569.7,653277012,34231.04
08-Feb-23,17598.55,17743.9,17596.85,17719.85,768742271,34318.74
09-Feb-23,17724.25,17751.65,17625.25,17723.85,694592763,32113.23
10-Feb-23,17675.4,17704.45,17634.95,17685.45,614400847,26367.97
13-Feb-23,17679.4,17697.1,17532,17575.15,460001519,23996.62
14-Feb-23,17626.3,17721.9,17581.6,17702.35,476013447,26626.99
15-Feb-23,17664.05,17804.9,17629.3,17786.9,396529863,27323.73
16-Feb-23,17856.95,17907,17783.3,17814.9,457455320,29016.44
17-Feb-23,17753.25,17808.55,17666.3,17721.05,405628683,23615.45
20-Feb-23,17737.1,17768.75,17600.85,17626.9,447586788,21234.02
21-Feb-23,17682.85,17699.25,17579.1,17604.4,458058307,22273.64
22-Feb-23,17529.65,17539.95,17307.1,17335,426436528,22683.46
23-Feb-23,17349.8,17386.3,17224.2,17286.3,542540511,25341.27
24-Feb-23,17357.2,17369,17198.3,17242.15,444420131,21418.29
27-Feb-23,17200.25,17212.9,17060.1,17156.15,458491354,22325.02
28-Feb-23,17145.3,17195.35,17039.6,17083.8,896665223,45392.46
01-Mar-23,17134.9,17253.45,17124.1,17238.45,476017918,25708.46
02-Mar-23,17217.05,17236.1,17112.65,17129.65,481862468,27792.6
03-Mar-23,17258.2,17433.9,17241.4,17385.95,596778663,31656.82
06-Mar-23,17475.25,17586.05,17467.8,17506.3,585488694,33244.89
08-Mar-23,17463.9,17564.4,17399.05,17552.95,458351746,29338.65
09-Mar-23,17578.25,17582.3,17382,17398.3,432573906,26785.92
10-Mar-23,17261.4,17269.1,17147,17244.3,415795244,24982.79
13-Mar-23,17257.25,17358.55,16960,16997.3,454645663,28580.14
14-Mar-23,17003.35,17060.05,16826.1,16887.05,520928878,33037.62
15-Mar-23,17002.75,17044.1,16795.5,16825.05,429851280,28858.79
16-Mar-23,16844.75,16923.85,16696.25,16852.25,1026773403,33963.57
17-Mar-23,16981.1,17014.3,16843,16964.8,828361517,40396.22
20-Mar-23,16920.9,16922.75,16700.25,16852.9,511597450,29047.8
21-Mar-23,16926.25,16990.45,16876.7,16970.5,449965572,28177.95
22-Mar-23,17041.9,17075.1,16987.5,17026.2,412213138,22184.13
23-Mar-23,16977.45,17075.7,16929.5,16958.15,424685624,26798.07
24-Mar-23,16966.7,16998.4,16806.1,16831.8,488074868,27921.35
27-Mar-23,16870.3,16953.55,16802.55,16849.3,480631714,25956.42
28-Mar-23,16884.75,16905.3,16758.1,16795.35,486814077,27424.36
29-Mar-23,16808.85,16962.7,16791.3,16918.05,667661992,36382.71
31-Mar-23,17043,17206.85,17036.1,17186.15,578037133,33474.53
03-Apr-23,17256.2,17256.2,17141.45,17224.75,418007489,26066.51
05-Apr-23,17245.65,17387.8,17232.65,17373.95,456502915,30384.32
06-Apr-23,17357.55,17451.1,17321.3,17414.65,433282462,31042.29
10-Apr-23,17454.05,17510.3,17422.9,17446.3,442890400,26385.67
11-Apr-23,17528.45,17571.05,17476.2,17540.8,473151367,30987.25
12-Apr-23,17582.8,17638.95,17539.95,17626.9,404282448,29354.6
13-Apr-23,17624.45,17647.7,17546.55,17635.15,441185064,32264.63
17-Apr-23,17667.3,17667.3,17411.55,17543.45,512403345,41207.31
18-Apr-23,17600.55,17600.55,17457.45,17510.85,418075432,28896.71
19-Apr-23,17507.45,17513.85,17421.8,17455.45,463842242,27003.4
20-Apr-23,17476.05,17515.5,17422.2,17459.85,354366507,23905.38
21-Apr-23,17476.1,17493.2,17388.55,17455.25,453374786,24047.13
24-Apr-23,17532.6,17574.85,17446.1,17564.4,412469788,27620.82
25-Apr-23,17582.2,17633.4,17546.8,17600.05,628545320,35183.15
26-Apr-23,17598.3,17657.7,17549.7,17645.55,410365983,26396.03
27-Apr-23,17646.45,17755.15,17631.7,17739.95,465247300,29665.51
28-Apr-23,17777.4,17926.05,17726.7,17903.95,713233004,36877.68
02-May-23,17964.35,18020.6,17943.5,17989.3,533631068,30870.2
03-May-23,17958.15,17971.25,17895.35,17941.1,451628664,26902.75
04-May-23,17938.6,18110.3,17923.45,18099.75,508491455,29763.81
05-May-23,17982.05,18076.7,17925.55,17939.25,480774129,32948.89
08-May-23,17984.55,18137,17966.25,18118.5,486563178,29634.12
09-May-23,18154.85,18198.85,18078.2,18114.05,530879123,31264.23
10-May-23,18158.05,18182.4,18064.6,18170.85,419927757,27481.89
11-May-23,18218.8,18242.35,18146.65,18174.25,440356073,32532.5
12-May-23,18152.7,18212.15,18070.1,18181.95,440043013,28764.3
15-May-23,18202.85,18317.7,18157.9,18258.1,411997113,26245.69
16-May-23,18291.6,18291.7,18141.7,18162.25,495619498,28448.79
17-May-23,18178.6,18186.75,17991.85,18056.7,433248145,27242.54
18-May-23,18156.75,18165.65,17964.35,17985.75,489486272,30150.89
19-May-23,18034.5,18074.5,17911.7,18060.35,498457987,29660.66
22-May-23,18065.65,18199.5,18040.45,18180.9,572350358,33885.85
23-May-23,18236.5,18287.45,18197.8,18219.8,501398613,35981.27
24-May-23,18178.55,18267.8,18149.3,18170,446478175,32293.85
25-May-23,18158.3,18230.35,18102.15,18213.6,543656757,30019.43
26-May-23,18256.15,18400.7,18223.3,18393.05,454357252,28516.26
29-May-23,18512.5,18532.25,18472.6,18490.25,472161867,27322.07
30-May-23,18500.15,18546.9,18470.1,18516.95,424836974,29428.63
31-May-23,18479.15,18484.5,18380.25,18438.3,1308657926,94251.62
01-Jun-23,18482.85,18493.25,18383.8,18405.7,465656547,31788.3
02-Jun-23,18469.25,18492.05,18402.7,18457,600189380,31057.96
05-Jun-23,18529.95,18554.9,18502.7,18513.85,494484215,27588.74
06-Jun-23,18525.35,18550.65,18459.8,18527.85,418121712,29157.32
07-Jun-23,18596.05,18671.6,18566.1,18659.65,469480614,28827.58
08-Jun-23,18665.4,18706.05,18546.1,18562.95,531220263,29750.54
09-Jun-23,18588.2,18607.15,18493.1,18502.1,426883077,27566.17
12-Jun-23,18537,18570.2,18498.3,18545.8,422942689,22530.08
13-Jun-23,18581.8,18679.25,18581.4,18668,455467417,29824.73
14-Jun-23,18700.25,18719.5,18644.75,18705.25,489264134,26472.8
15-Jun-23,18727.3,18757.45,18633.65,18653.6,485885011,31597.84
16-Jun-23,18695.35,18835.95,18683.35,18798.55,506983700,38661.2
19-Jun-23,18847.8,18855.75,18698.25,18732.8,430878393,29689.02
20-Jun-23,18736.3,18816.4,18651.85,18794.6,394048321,27332.93
21-Jun-23,18829.7,18858.2,18774.65,18827.8,430967143,26673.51
22-Jun-23,18830.35,18850.4,18710.3,18722.7,458714217,31561.09
23-Jun-23,18698.95,18710.05,18580.95,18595.75,415956951,28857.46
26-Jun-23,18600.65,18654.95,18578.05,18632.75,333203321,24556.79
27-Jun-23,18690.95,18761.5,18662.45,18751.3,410976528,28545.91
28-Jun-23,18840.8,18926.05,18795.75,18901.2,700212815,51036.63
30-Jun-23,18999.95,19110.5,18953.2,19099.55,517142806,38494.66
03-Jul-23,19159.95,19243.1,19148.55,19223.85,450398688,29150.6
04-Jul-23,19305.55,19318.7,19196.85,19270.55,386772641,32396.26
05-Jul-23,19295.35,19317.6,19239.85,19297.95,441780331,31679.87
06-Jul-23,19293.15,19410.05,19279.65,19397.1,504875960,35503.7
07-Jul-23,19333.55,19426.8,19205.25,19233.6,462801368,30429.9
10-Jul-23,19299,19316.9,19213.5,19239.8,437531389,31761.42
11-Jul-23,19307.35,19403.35,19288.2,19333.6,471580820,34616.46
12-Jul-23,19389.4,19398.1,19274.55,19293.7,531120085,49430.36
13-Jul-23,19400.35,19466.4,19275.4,19304.85,673359664,35333.35
14-Jul-23,19386.3,19482.7,19321.7,19454,533799057,32303.9
17-Jul-23,19500.35,19602.8,19457.75,19584.8,455264066,32293.03
18-Jul-23,19657.95,19681.65,19548.95,19605.85,490350122,40057.5
19-Jul-23,19658.65,19706.8,19596.6,19690.7,433185742,32412.45
20-Jul-23,19694.2,19822.95,19622.6,19811.9,445266713,37839.41
21-Jul-23,19655.25,19732.25,19562.4,19602.6,541969877,41098.04
24-Jul-23,19610.3,19642.8,19526.65,19540.45,499229214,32175.63
25-Jul-23,19593.75,19593.75,19491.05,19566.9,613056674,38176.96
26-Jul-23,19623.8,19706.35,19600.95,19662,468455875,30572.64
27-Jul-23,19731.55,19752.45,19510.3,19566.7,571516707,43179.85
28-Jul-23,19576.65,19606.45,19498.55,19580.65,584482867,32514.65
31-Jul-23,19598.9,19697.45,19545,19679.35,563542450,31729.75
01-Aug-23,19712.85,19722.1,19630.7,19659.85,514381765,32180.95
02-Aug-23,19590.55,19610,19339.75,19447.1,560545873,33188.9
03-Aug-23,19388.55,19453.9,19222.4,19310.9,822524821,44466.39
04-Aug-23,19394.75,19472.5,19378.4,19448.75,866019351,39415.32
07-Aug-23,19509.9,19546.15,19451.2,19521.85,642666057,31426.64
08-Aug-23,19554.6,19560.55,19450.1,19497.45,595738903,34093.78
09-Aug-23,19510.6,19565.7,19403.05,19554.75,511719386,30489.45
10-Aug-23,19535.55,19548.9,19423.5,19463.1,564705656,37486.35
11-Aug-23,19482.3,19484.4,19343.25,19359,461188158,33085.87
14-Aug-23,19313.45,19363.55,19153.7,19330.8,455062165,30435.9
16-Aug-23,19268.05,19375.05,19212.75,19358.05,429527871,30246.73
17-Aug-23,19350.8,19361.6,19236.3,19264.6,425792941,32210.52
18-Aug-23,19208.25,19273.15,19157.45,19209.35,435822563,33076.5
21-Aug-23,19224.05,19333.2,19205.25,19303.4,408731332,26388.31
22-Aug-23,19333.05,19364.25,19305.5,19325.45,455436259,27838.2
23-Aug-23,19371.35,19397,19302.7,19362.55,448647247,28415.11
24-Aug-23,19458.35,19504.2,19306.65,19323.35,470349100,31801.85
25-Aug-23,19242.55,19278.5,19162.7,19193.9,685637563,31381.8
28-Aug-23,19235.9,19299.1,19183.35,19243.65,506996567,24539.67
29-Aug-23,19311.7,19313.15,19259.45,19291.25,508563290,29165.39
30-Aug-23,19383.7,19400.65,19295.35,19307.5,598023745,27715.2
31-Aug-23,19331.35,19338.55,19178,19204.8,876026705,59940.55
01-Sep-23,19212.9,19403.75,19210.15,19382.95,622104423,34028.33
04-Sep-23,19473.4,19499.75,19382.95,19485.5,636244798,33143.69
05-Sep-23,19525.15,19542.8,19482.2,19531.2,536706150,31269.68
06-Sep-23,19542,19599.95,19464.1,19578.25,706342177,40487.23
07-Sep-23,19572.1,19703,19533.15,19690.5,574476898,31906.95
08-Sep-23,19741.3,19834.9,19703.65,19789.3,585954504,33788
11-Sep-23,19864.9,19981,19841.75,19970.8,547126947,32001.16
12-Sep-23,20082.1,20082.4,19835.05,19905.2,662984986,40549.94
13-Sep-23,19900.85,20000.5,19844.75,19977.8,496304827,31447.23
14-Sep-23,20040.55,20083.7,19961.4,20024.8,485429129,29099.26
15-Sep-23,20079.75,20136.3,20048.75,20108.4,810606190,53293.43
18-Sep-23,20092.95,20115.5,20039.75,20056.15,560901210,30259.39
20-Sep-23,19919,19984.15,19809.55,19832.6,658163236,46128.58
21-Sep-23,19779.2,19784.8,19641.2,19674.8,465826194,33415.09
22-Sep-23,19679.5,19732.8,19597.2,19614.2,474199840,32422.23
25-Sep-23,19622.05,19663,19539.7,19606.85,363901252,26544.03
26-Sep-23,19615.85,19640.95,19579.65,19606.05,367634046,24768.39
27-Sep-23,19583.4,19668,19498.45,19654.95,396763345,26475.33
28-Sep-23,19698.45,19703.35,19421.25,19451.65,602263622,39906.87
29-Sep-23,19511.45,19656.45,19482,19577.05,477429169,27699.51
03-Oct-23,19569.9,19571.5,19434.45,19492.7,545861728,30364.88
04-Oct-23,19416.05,19423.9,19277.3,19376.25,612220578,35518.55
05-Oct-23,19462.45,19504.35,19420.8,19476.05,634694993,30690.75
06-Oct-23,19554.4,19606.05,19524.7,19584.45,390795777,22594.33
09-Oct-23,19462.5,19504.65,19391.75,19428.9,399284007,21297.55
10-Oct-23,19485.95,19640.7,19484.75,19616.55,453810097,25622.34
11-Oct-23,19695.5,19767.15,19686.6,19736.8,526464996,27821.91
12-Oct-23,19755.95,19775.8,19709.2,19728.1,492034995,27332.57
13-Oct-23,19598.35,19744.3,19579.95,19691.7,485904867,30576.11
16-Oct-23,19678.1,19726.4,19636.4,19680.65,377959124,20625.27
17-Oct-23,19787.1,19792.75,19726.3,19758.9,383913850,22467.12
18-Oct-23,19769.35,19780,19600.35,19611.35,496419252,25695.03
19-Oct-23,19490.95,19613.75,19449.35,19562.3,411166790,29316.51
20-Oct-23,19488.25,19533.35,19450.3,19468.4,436682267,24630.9
23-Oct-23,19451.4,19482.7,19162.2,19189.1,443587211,22989.6
25-Oct-23,19196.75,19264.9,18977.15,19034.4,454670976,26532.76
26-Oct-23,18941.4,18954.55,18743.3,18780.6,665811140,37322.47
27-Oct-23,18859,19024.75,18856.9,18996.1,471501333,27819.66
30-Oct-23,19007.6,19096.5,18882.4,19080.85,376760268,23155.42
31-Oct-23,19174.6,19175.2,19012.35,19035.35,451053759,27213.13
01-Nov-23,19028.85,19061.95,18926.05,18942.3,449849941,25426.29
02-Nov-23,19074.55,19128.15,19028.15,19107.25,503435774,25846.56
03-Nov-23,19215.9,19256.45,19200.3,19222.1,606967225,26005.12
06-Nov-23,19333.2,19410.7,19300.35,19399.1,570290716,25071.73
07-Nov-23,19398.25,19433.9,19331.55,19416.8,583344413,27987.31
08-Nov-23,19466.9,19485.25,19426.45,19470.1,475889646,24870.58
09-Nov-23,19489.15,19494.45,19398.6,19413.8,420617003,25714.11
10-Nov-23,19371.55,19468.75,19344.9,19444.8,350513268,20014.37
12-Nov-23,19571.2,19571.2,19528.55,19544.45,78027613,3575.48
13-Nov-23,19508.6,19515.2,19436.6,19475.7,404054582,18883.68
15-Nov-23,19675.5,19714.9,19611.05,19698.4,570431298,32926.28
16-Nov-23,19701.65,19884.3,19652.6,19785.85,500734356,32671.11
17-Nov-23,19704.6,19835.75,19696.1,19773.45,511307933,30228.56
20-Nov-23,19779.55,19795.1,19715.15,19730.7,359339215,22463.34
21-Nov-23,19807.5,19851.8,19788.05,19806.4,375930331,23874.5
22-Nov-23,19810.3,19849.05,19716.95,19818.9,374382016,22744.61
23-Nov-23,19839.7,19883.45,19802.25,19819.4,333405400,21040.05
24-Nov-23,19831.8,19854.7,19792.75,19812.1,343963032,21230.13
28-Nov-23,19867.75,19964.95,19832.5,19938.4,594376988,35369.56
29-Nov-23,20037.25,20144.6,20021.3,20136.2,634530023,35402.47
30-Nov-23,20152.85,20226.4,20063.4,20201,1178702032,70673.39
01-Dec-23,20274.6,20365.45,20263.1,20339.45,657645334,33247.19
04-Dec-23,20687.35,20773.7,20586.75,20757.95,901151552,48753.7
05-Dec-23,20870.4,20957.65,20783.6,20949.25,901403385,61094.16
06-Dec-23,21055.1,21093,20978.1,21074.15,840234503,58781.31
07-Dec-23,21086.25,21102.8,21014.2,21076.35,782044411,44973.58
08-Dec-23,21125.2,21172.35,20981.7,21107.2,694035679,43143.59
11-Dec-23,21114.75,21181.1,21089.3,21161.7,533166176,32731.9
12-Dec-23,21191.9,21203.7,21009.9,21058.25,514383730,36613.2
13-Dec-23,21088.35,21122.15,20930.25,21099.6,582960588,39020.29
14-Dec-23,21279.4,21392.75,21252.7,21364.3,688012300,45780.38
15-Dec-23,21471.2,21624.75,21411.35,21595.5,870774338,63115.26
18-Dec-23,21585.2,21644,21510.15,21585.25,588118082,37577.96
19-Dec-23,21647.45,21672.55,21494.4,21622.95,559550564,36541.36
20-Dec-23,21728.65,21775.75,21206.35,21267.35,759546755,46703.73
21-Dec-23,21135.3,21435,21073.9,21402.15,604176351,38559.44
22-Dec-23,21461.25,21544.2,21382.2,21508.85,619500885,39309.67
26-Dec-23,21539.4,21647.05,21504.6,21617.05,501502938,29199.8
27-Dec-23,21683.9,21834.7,21678.4,21815.45,521903610,32669
28-Dec-23,21879.85,21951.9,21836.95,21931.75,911293585,48837.59
29-Dec-23,21903.45,21944.45,21847.5,21918.8,643426631,34406.81
01-Jan-24,21928.7,22026.2,21877.3,21934.7,444471950,22539.56
02-Jan-24,21955.8,21959.55,21727.35,21865.25,576351025,35151.32
03-Jan-24,21877.6,21890.65,21752.55,21771.4,696284491,48913.23
04-Jan-24,21865.4,21961.4,21830.9,21934.4,639761478,42733.46
05-Jan-24,21988.5,22027,21882.25,21974.6,649620626,40077.4
08-Jan-24,22016.7,22024.15,21750.25,21770.75,518386922,31602.65
09-Jan-24,21915.65,21986.6,21788.7,21815.15,478429268,34214.29
10-Jan-24,21806.1,21907.5,21704.5,21885.8,488569432,30964.29
11-Jan-24,21963.75,22004.1,21886.65,21942.15,507324802,33915.9
12-Jan-24,22065.1,22192.75,22003.15,22159.25,606464900,40156.87
15-Jan-24,22313,22355.45,22202.7,22338.75,631132461,39473.83
16-Jan-24,22329.8,22367.3,22204.55,22274.6,631405554,36407.83
17-Jan-24,21925.6,22110.55,21819.9,21839.95,868166558,60563.45
18-Jan-24,21698.3,21799.3,21509.1,21730.1,770175367,52072.16
19-Jan-24,21882.8,21942.85,21849.65,21916,697367156,45568.4
20-Jan-24,22003.95,22019.6,21854.55,21880.5,376849998,21967.95
23-Jan-24,22037.65,22054.85,21464.75,21506.8,906351416,65262.77
24-Jan-24,21469.95,21771.75,21391.8,21746,781366883,56469.56
25-Jan-24,21763.65,21763.65,21541.85,21666.5,818690768,52062.69
29-Jan-24,21752.1,22066.75,21744.2,22041.6,831965951,50274.21
30-Jan-24,22088.6,22120.35,21826.05,21846.2,774431678,47586.73
31-Jan-24,21823.15,22067.15,21783.4,22051.55,882864530,58089.36
01-Feb-24,22123.45,22169.85,21985.7,22039.6,815361681,51181.67
02-Feb-24,22158.7,22444.75,22155,22199,983736401,53357.03
05-Feb-24,22284.15,22329.7,22064.15,22113.4,915604325,50541.12
06-Feb-24,22177.05,22315.15,22074.35,22299.3,726098344,45410.47
07-Feb-24,22428.65,22437.65,22261.95,22363.7,810238836,48842.35
08-Feb-24,22456.4,22459.95,22150.8,22202.75,1062401360,62565.53
09-Feb-24,22223.15,22274.6,22044.45,22247.55,1012378162,52261.82
12-Feb-24,22273.5,22301.9,22001.7,22042.1,768619385,39678.1
13-Feb-24,22090.5,22196.85,21934.8,22181.6,724938020,42972.65
14-Feb-24,22014.15,22336.85,21972.3,22313.4,678684857,44817.42
15-Feb-24,22398.4,22447.55,22301.65,22405.55,889778899,47140.15
16-Feb-24,22516.9,22570.2,22469.7,22540.9,742965569,44546.45
19-Feb-24,22611.65,22686.05,22527.75,22618.25,500539701,31953.93
20-Feb-24,22604.75,22704.35,22545.85,22685.65,566919896,36714.59
21-Feb-24,22743.65,22757.25,22488.5,22547.6,693055476,43942.49
22-Feb-24,22587.15,22759.05,22389.85,22725.4,625405833,45903.6
23-Feb-24,22798.65,22804.8,22704.9,22734.3,566449439,38191.05
26-Feb-24,22698.7,22743.4,22617.3,22667.75,476755445,33294.89
27-Feb-24,22643.65,22753,22641,22722.3,503630614,37422.68
28-Feb-24,22746.4,22764.55,22421.45,22457.65,536755495,34698.29
29-Feb-24,22441.95,22609.35,22358.2,22526.3,1154430188,63372.34
01-Mar-24,22605.7,22874.45,22604.65,22862.05,618456858,40130.98
02-Mar-24,22935.15,22951.95,22903.7,22915.7,61641443,2923.98
04-Mar-24,22947.75,22985.95,22889.35,22944.8,630436330,35351.28
05-Mar-24,22927.75,22956.95,22824.85,22900.65,631442047,42485.28
06-Mar-24,22878.55,23011.55,22724.1,22988.35,1169262403,51270.51
07-Mar-24,23024.05,23070.65,22970.85,23036.05,721037787,48596.42
11-Mar-24,23066.95,23073.55,22867.45,22895.45,611047204,45768.8
12-Mar-24,22901.8,22990.05,22784.9,22840.9,568509930,41709.19
13-Mar-24,22928.15,22944.05,22294.45,22399,902967552,57027.15
14-Mar-24,22371.35,22664.2,22296.65,22623.7,754655931,51037.92
15-Mar-24,22548.55,22613.9,22367.65,22494.7,1216448811,78538.63
18-Mar-24,22462.3,22607.5,22393.7,22541.15,600701512,33944.05
19-Mar-24,22449.2,22471.9,22254.55,22274.65,595006127,41417.88
20-Mar-24,22310.3,22383.1,22140.2,22307.75,552665344,38744.84
21-Mar-24,22472.6,22583.05,22445.15,22538.9,632169385,42802.09
22-Mar-24,22476.7,22709.35,22414.5,22633.8,630024734,49320.98
26-Mar-24,22494.15,22650.4,22493.7,22601.35,601129755,47157.32
27-Mar-24,22661.7,22793.15,22661.7,22698.5,710924861,56313.41
28-Mar-24,22747.55,23090.2,22747.55,22920.7,736358648,59807.29
01-Apr-24,23065.15,23161.75,23058.65,23107.15,561385098,35075.41
02-Apr-24,23124.3,23162.55,23056.3,23138.55,736195640,44874.62
03-Apr-24,23077.7,23212.55,23038.2,23136.6,757011381,47296.93
04-Apr-24,23304.2,23327.95,23034,23206,824995897,57048.93
05-Apr-24,23185.3,23262.9,23128.9,23240.55,650130039,39521.78
08-Apr-24,23324.9,23422.3,23289.25,23380.3,595270124,36851.44
09-Apr-24,23480.1,23480.4,23304.5,23348.9,580812422,35431.06
10-Apr-24,23431.95,23494.8,23391.8,23474.7,676665891,41711.48
12-Apr-24,23412.85,23466.8,23244.4,23254.9,803522069,54712.36
15-Apr-24,23026.7,23139.3,22908.6,22967.1,852000259,48171.15
16-Apr-24,22834.1,22944.65,22798.2,22870.3,720067372,43853.74
18-Apr-24,22964.05,23080.5,22702.65,22740.2,910216233,62139.57
19-Apr-24,22591.1,22896.5,22469.05,22859.8,732681812,51372.07
22-Apr-24,23067.3,23115.65,22934.35,23078.9,630973040,40578.36
23-Apr-24,23200.45,23200.7,23098.95,23116,540242144,38181.98
24-Apr-24,23177,23230.65,23148.3,23167.8,544822255,35069.52
25-Apr-24,23099.45,23372.9,23092.35,23329.8,798019923,66393.3
26-Apr-24,23389.2,23392.8,23200.7,23232.1,754831285,51540.36
29-Apr-24,23305.7,23457.9,23250.9,23443.8,671797595,46828.4
30-Apr-24,23499.75,23618.7,23402.75,23436.5,948976410,63370.13
02-May-24,23422.9,23593.2,23421.9,23541.3,953765204,66364.04
03-May-24,23668.5,23693.5,23234.75,23382.75,847844269,62829.29
06-May-24,23458.6,23466,23256.4,23297.75,907239379,55773.43
07-May-24,23350.5,23355.8,23020.45,23103.75,802221426,52868.51
08-May-24,23040.8,23236.65,22982.85,23166,737481184,49741.51
09-May-24,23114.6,23190.4,22763.3,22790.2,787651514,56370.85
10-May-24,22844.25,22960.3,22784.65,22909.1,648137850,43806.02
13-May-24,22904.4,22988.35,22630.85,22956.35,733206592,48985.22
14-May-24,22979.4,23162.7,22942.25,23118.2,681745966,43231.6
15-May-24,23177.8,23224.85,23078.05,23133.85,677790092,43913.27
16-May-24,23258.8,23370.85,22997.5,23343.55,845774532,60532.96
17-May-24,23368.35,23466,23307.25,23444.3,770240012,47179.61
18-May-24,23505.25,23519.7,23472.5,23508.6,116951095,5094.28
21-May-24,23450.95,23625.9,23449.75,23569.9,985969357,55526.83
22-May-24,23634.5,23663.4,23498.75,23633.9,812590009,49953.73
23-May-24,23662.9,24004.85,23632.45,23982.35,982425546,60819.79
24-May-24,23962.2,24060.75,23926.4,23980.1,751651002,52266.59
27-May-24,24075,24106.85,23903.3,23959.85,761506089,47937.08
28-May-24,24011.45,24028.15,23840.05,23873.9,626888022,40676.16
29-May-24,23744.95,23816.35,23670.95,23687.7,680057031,44658.04
30-May-24,23609.9,23696.2,23393.3,23466.3,816045563,49436.64
31-May-24,23561.85,23620.55,23439.7,23518.05,1694368417,110374.66
03-Jun-24,24444.7,24445.2,24133.15,24344.2,1550911354,95247.59
04-Jun-24,24268.05,24268.05,22003.75,22739.6,2898699735,164546.46
05-Jun-24,23027.7,23597.2,22563.65,23550.75,1782608115,110454.91
06-Jun-24,23754.95,23917.05,23627.45,23806.95,1161677763,78621.72
07-Jun-24,23812.95,24291.35,23758.1,24266.05,976725135,69170.44
10-Jun-24,24328.95,24417.8,24229.15,24271.15,796178125,48610.47
11-Jun-24,24306.4,24403.65,24222.35,24271.05,761387773,48355.91
12-Jun-24,24358.85,24445.8,24313.4,24348.8,752000932,50577.94
13-Jun-24,24527.05,24527.15,24376.75,24449.5,732488793,52330.98
14-Jun-24,24529,24592.9,24411.15,24571.65,671825602,50088.68
18-Jun-24,24689.75,24700.6,24612.95,24683.55,708607046,53771.26
19-Jun-24,24762.5,24763.6,24499.3,24599.9,862775810,62149.51
20-Jun-24,24668.65,24695.5,24532.85,24649.85,676343255,52355.36
21-Jun-24,24743.55,24746.4,24480.3,24555.5,1069444328,90319.52
24-Jun-24,24443.75,24635.85,24382.15,24621.6,629186435,42029.22
25-Jun-24,24674.1,24786.7,24626,24757.8,654970215,50623.47
26-Jun-24,24754.65,24888.3,24689.95,24867.15,779776613,55631.26
27-Jun-24,24878.45,25070.25,24819.6,25026.55,1064096650,84318.02
28-Jun-24,25075.65,25165.8,24981.75,25007.25,810262392,57965.52
01-Jul-24,25004,25172.95,24996.65,25155.7,639822148,44746.73
02-Jul-24,25241.75,25247.6,25039.05,25120.1,734972262,52262.09
03-Jul-24,25287,25328.65,25211,25306.9,690224433,53570.44
04-Jul-24,25394.35,25433.4,25319.6,25342.55,587189239,44286.83
05-Jul-24,25272.4,25426.4,25229.3,25391.25,855552905,51353.56
08-Jul-24,25414.5,25427.25,25310,25393.55,903452469,49422.59
09-Jul-24,25440.85,25524.45,25414.25,25515.1,745748745,48015.87
10-Jul-24,25557.65,25557.7,25165,25425.65,857061920,57053.22
11-Jul-24,25503.65,25508.3,25312,25433.75,746274062,48996.68
12-Jul-24,25514.75,25677.7,25458.05,25577.3,937646911,60040.93
15-Jul-24,25674.9,25726.25,25599.35,25696.05,826301790,49465.29
16-Jul-24,25736.1,25762.25,25655,25679.1,718087205,47326.05
18-Jul-24,25621.45,25812.7,25501.6,25784.8,865971333,65464.71
19-Jul-24,25820.45,25821.1,25428.3,25450.85,819839396,54174.26
22-Jul-24,25357.25,25567.9,25275.1,25490.4,691237384,50296.16
23-Jul-24,25566.2,25575.45,24895.55,25419.6,1034069458,72173.24
24-Jul-24,25398.05,25476,25288.5,25389,773924933,58601.47
25-Jul-24,25203,25428.6,25184.7,25407.5,865087005,55581.22
26-Jul-24,25451.9,25863.3,25438.7,25841.9,808517216,61022.12
29-Jul-24,25966.1,26040.7,25832.8,25901.95,1038138660,62969.31
30-Jul-24,25920.4,26031.8,25869.1,25914.1,830965849,59812.12
31-Jul-24,25960.4,26054.3,25931.45,26025.6,759239207,56045.58
01-Aug-24,26101.1,26145.6,25983.65,26057.8,922078074,64811.59
02-Aug-24,25833.75,25930.85,25743.8,25771.9,1072933323,63077.89
05-Aug-24,25291.05,25375.65,24871.55,25043.05,1267257581,74184.92
06-Aug-24,25199.2,25427.35,24905.3,24940.75,856071120,54500.09
07-Aug-24,25286.2,25373.6,25171.65,25349,803200425,51234.18
08-Aug-24,25314,25383,25125.75,25161.25,653692491,47391.21
09-Aug-24,25443.05,25477.9,25362.9,25425.4,526357412,40569.66
12-Aug-24,25356.2,25501.3,25233.9,25386.05,618262984,48204.18
13-Aug-24,25396.75,25414.3,25131.8,25155.15,564528168,41181.34
14-Aug-24,25210,25224.2,25090.35,25160.65,612905698,43673.84
16-Aug-24,25355.8,25599.45,25221.25,25578.5,576350433,44252.78
19-Aug-24,25699.95,25701.4,25604.45,25638.2,562757602,37399.95
20-Aug-24,25718.35,25801.95,25673.9,25782.35,649999781,42589.27
21-Aug-24,25775.7,25871.6,25746.6,25853.2,539499073,40619.89
22-Aug-24,25958.1,25961.8,25877.5,25910.45,486858877,38098.04
23-Aug-24,25956.3,25972.05,25880.5,25905.95,549346422,40118.39
26-Aug-24,25998.55,26102.75,25952.95,26076.8,460365441,35222.71
27-Aug-24,26098.75,26134.85,26038.25,26083.15,478616410,40442
28-Aug-24,26116.15,26193.6,26033.95,26116.8,476117603,41658.93
29-Aug-24,26107.45,26222.35,26023.35,26188.9,667422699,62104.73
30-Aug-24,26291.15,26309.05,26242.55,26274.35,1022802231,112211.59
02-Sep-24,26383.45,26383.5,26261.7,26335,563860065,44070.4
03-Sep-24,26394,26394.15,26309,26341.7,543134105,44565.44
04-Sep-24,26143,26291,26137,26275.75,573211613,41300.55
05-Sep-24,26339.45,26359.7,26222,26239.1,601077035,42244.6
06-Sep-24,26195.4,26254.85,25877.45,25928.55,726653303,49835.87
09-Sep-24,25898.9,26035.4,25786.3,26011.25,608951140,40314.58
10-Sep-24,26086.5,26214.75,25979.9,26115.2,611310098,43657.65
11-Sep-24,26118.8,26204.1,25950.05,25987.8,663423642,45430.37
12-Sep-24,26145.9,26497.5,26041.6,26461.1,716371841,56516.49
13-Sep-24,26511,26511,26387.1,26419.9,600154581,39615.5
16-Sep-24,26486.8,26522,26409.8,26453.4,433622666,31342.71
17-Sep-24,26491.95,26495.6,26408.05,26471.3,484849433,38563.93
18-Sep-24,26461.9,26525.85,26318.1,26420.15,534348001,41238.67
19-Sep-24,26540.15,26638.9,26332.75,26425.25,718928192,53707.13
20-Sep-24,26532.45,26879,26454.5,26821,1012302488,91457.77
23-Sep-24,26920.05,27039.55,26898.2,27024.1,564051435,40285.43
24-Sep-24,27013.6,27087.9,26975.25,27027.5,782208305,52847.15
25-Sep-24,26997.75,27076.8,26921.95,27051.65,601047852,41609.36
26-Sep-24,27068.3,27284.9,27056.85,27256.25,740609058,56949.5
27-Sep-24,27283.25,27335.65,27228.25,27253.85,1316476454,96744.97
30-Sep-24,27147.35,27203,26870.65,26890.15,773044117,52799.76
01-Oct-24,26879.95,26994.15,26828.5,26885.25,621401385,41104.11
03-Oct-24,26511.55,26713.1,26267.85,26305.25,892087249,63812.2
04-Oct-24,26238.5,26520.8,26007.55,26056,828494268,60751.63
07-Oct-24,26141.65,26189.95,25644.4,25749.65,884050294,59103.27
08-Oct-24,25772,26091.35,25698.5,26057.35,746051968,51178.72
09-Oct-24,26129.3,26331.2,26042.6,26076.6,669047009,47662.79
10-Oct-24,26168,26241.15,26059.95,26079.45,531936221,39820.49
11-Oct-24,26077.4,26118.1,26002.2,26054.1,394782624,29998.5
14-Oct-24,26117.55,26222.6,26105.6,26197.9,419838070,32042.78
15-Oct-24,26272.65,26291.55,26091.6,26149.1,487962721,41539.64
16-Oct-24,26106.75,26188.7,25987.8,26058.1,483366867,37350.85
17-Oct-24,26105.55,26109.8,25752.5,25765.35,528472478,45116.46
18-Oct-24,25671.4,25888.85,25547.55,25853.8,644966322,45423.14
21-Oct-24,25956.85,25991.45,25673.05,25739.5,520047133,42852.9
22-Oct-24,25760.15,25828.15,25322.6,25348.05,698065457,47136.77
23-Oct-24,25266.4,25491.7,25240.65,25320.65,844828292,50700.86
24-Oct-24,25315.05,25376.85,25217.95,25275.5,562093623,40671.85
25-Oct-24,25305.3,25326.6,24897.2,25022.2,767881443,51357.01
28-Oct-24,25086.95,25321.65,24932.75,25175.2,756123300,46238.18
29-Oct-24,25171.95,25339.1,24952.05,25321.3,766087633,49619.62
30-Oct-24,25227.2,25364.55,25164.5,25195.05,699863594,44853.17
31-Oct-24,25207.8,25235.9,25020.05,25059.5,678333171,46166.37
01-Nov-24,25171,25250.9,25157.6,25184.6,125394913,5484.51
04-Nov-24,25192.95,25195.4,24668.75,24857.75,742890055,44420.97
05-Nov-24,24783.6,25080.5,24671.7,25060.8,676724812,43307.83
06-Nov-24,25167.5,25443.3,25078.3,25403.15,760352508,48071.42
07-Nov-24,25419.6,25429.4,25097.8,25110.7,649816902,43109.99
08-Nov-24,25118.25,25186.55,24954.1,25002.95,581707524,37712.2
11-Nov-24,24942.8,25210.25,24845.35,25013.3,566261099,38036.92
12-Nov-24,25094.35,25132.65,24667,24715.55,546440539,39250.24
13-Nov-24,24650.65,24716.85,24293.9,24347,691416186,41491.39
14-Nov-24,24348.8,24508.3,24305.8,24366.05,610279849,37969.62
18-Nov-24,24467.55,24468.05,24195.35,24301,575369704,36962.66
19-Nov-24,24386.15,24640.15,24320,24374.7,601957209,42093.03
21-Nov-24,24293.85,24306.95,24014.25,24135.1,953651632,61458.53
22-Nov-24,24185.35,24704.55,24127.65,24655.35,745992408,56926.93
25-Nov-24,25041.45,25153.55,24938.8,24993.65,1377968957,115249.49
26-Nov-24,25112.15,25113.7,24925.1,24983.1,498396427,35713.95
27-Nov-24,25004.45,25187.5,24948.8,25115.15,670729911,47520.15
28-Nov-24,25135.9,25230.1,24791.6,24836.25,790191683,60447.66
29-Nov-24,24857.65,25120.3,24856.75,25053.95,746733212,53552.41
02-Dec-24,25063.55,25221.1,24953.25,25198.15,501500113,37879.32
03-Dec-24,25284.5,25410.1,25221.3,25393.25,673181148,48899.62
04-Dec-24,25443.25,25521.3,25308.9,25428.4,739739551,49378.09
05-Dec-24,25508.9,25784.4,25274.8,25657.85,717433469,54851.01
06-Dec-24,25693.3,25735.55,25593.85,25663.9,764217438,39790.19
09-Dec-24,25622.75,25687.65,25556.05,25594.2,624265715,39657.24
10-Dec-24,25634.15,25659.95,25494.6,25600.2,550419572,38576.66
11-Dec-24,25603.25,25681.55,25575.35,25635.05,528376624,34545.9
12-Dec-24,25606.65,25668.2,25530.9,25546.4,575467524,42312.36
13-Dec-24,25493.85,25745.75,25148.9,25724.6,628860220,43217.63
16-Dec-24,25719.85,25748.35,25584.5,25652.85,409770691,28406.81
17-Dec-24,25579,25624.25,25288.35,25321.65,547766014,39189.19
18-Dec-24,25290.7,25358.8,25087.35,25137.6,483067841,33423.79
19-Dec-24,24783.7,24934.1,24776.45,24884.95,542252919,38415.39
20-Dec-24,24902.6,25002,24400.25,24448.85,1027478147,69579.47
23-Dec-24,24597.3,24735.75,24502.8,24599.75,492987327,30026.55
24-Dec-24,24617.3,24715.7,24534.9,24572.5,387778171,25120.63
26-Dec-24,24623.25,24692.85,24509,24611.35,371071242,24966.53
27-Dec-24,24657.7,24784.05,24618.1,24632,328618993,23700.9
30-Dec-24,24623.1,24732.1,24436.2,24500.75,1199405942,68621.03
31-Dec-24,24407.75,24542.95,24300.75,24495.55,457738714,28839.45
01-Jan-25,24493.35,24663,24410.35,24595.7,306978366,19966.51
02-Jan-25,24637.15,25054.85,24599.95,25028.8,553136081,43541.13
03-Jan-25,25058.25,25060.9,24849.9,24879.85,668707302,46109.75
06-Jan-25,24920.4,24929.15,24335.25,24404.6,707252373,39294.36
07-Jan-25,24460.95,24597.55,24411.65,24478.1,585624861,33998.99
08-Jan-25,24515.6,24521.45,24232.9,24426,542806165,35135.37
09-Jan-25,24419.4,24431.35,24213.7,24232.3,521664160,36315.4
10-Jan-25,24252.8,24288.75,23982.9,24064.75,603480007,37467.75
13-Jan-25,23808.1,23931.75,23548.75,23586.8,745574398,42214.82
14-Jan-25,23679.7,23850,23674.3,23770.6,791515353,50321.35
15-Jan-25,23866.65,23921.9,23755.55,23839.25,610825869,36613.57
16-Jan-25,24036.75,24049.1,23958.65,23984.55,659268607,42595.81
17-Jan-25,23958.8,23981.5,23802.45,23926,545175328,38785.23
20-Jan-25,24017.6,24118.55,23874.15,24048.8,624777911,38030.21
21-Jan-25,24101.95,24110.3,23630.8,23664.75,838452905,46218.82
22-Jan-25,23731.65,23755,23526.9,23738.4,709987562,40280.85
23-Jan-25,23709.4,23880.3,23667.05,23823.25,546225142,38684.87
24-Jan-25,23810.2,23930.1,23618.1,23660.2,528966338,34493.5
27-Jan-25,23501.7,23538,23277.85,23319.95,621870841,37287.91
28-Jan-25,23460.35,23630.85,23305.5,23440.05,811032619,47691.32
29-Jan-25,23504,23717.25,23468.85,23696.25,615637561,35117.63
30-Jan-25,23714.3,23852.7,23660.9,23772.5,756251214,47550.37
31-Jan-25,23819.75,24096.65,23788.5,24053.45,801676875,44235.07
01-Feb-25,24092.1,24192.65,23868.55,24056.65,743760458,42627.02
03-Feb-25,23888.3,23917.9,23755.2,23896.15,802808254,50150.71
04-Feb-25,24066.55,24304.5,23975.35,24279.65,748941906,50304.59
05-Feb-25,24348.45,24382.5,24251,24271.35,611326146,38380.23
06-Feb-25,24356.2,24367.35,24108.95,24161,558010983,40491.96
07-Feb-25,24207.8,24262.7,24002.55,24125.5,648369484,40740.46
10-Feb-25,24113.25,24140.15,23826.3,23897,476152366,30623.67
11-Feb-25,23897.55,23906.4,23442.5,23530.8,625997664,39136.01
12-Feb-25,23510.8,23612.3,23188.85,23508.35,743399681,41637.29
13-Feb-25,23527.2,23729.9,23470.45,23504.85,534517700,35502.12
14-Feb-25,23572.95,23605.55,23165.9,23325.15,566529193,32781.68
17-Feb-25,23202,23361.9,23067.7,23343.15,522258015,29972.92
18-Feb-25,23354.8,23392.6,23174.9,23331.4,500317323,30759.88
19-Feb-25,23223.55,23471.5,23181.3,23368.55,521407153,30857.09
20-Feb-25,23260.25,23422.15,23253.2,23411.4,554822511,31874.3
21-Feb-25,23359.9,23442.35,23196.7,23274.05,568973467,33990.12
24-Feb-25,23075.45,23127.35,22985.75,23021.7,449497302,30231.28
25-Feb-25,22993.15,23101.9,22955.75,22987.15,545872872,35847.93
27-Feb-25,23008.95,23052.9,22911.3,22948.3,612574081,42056.01
28-Feb-25,22821.15,22839.45,22452.15,22479.45,1211818468,77266.17
03-Mar-25,22551.65,22635.3,22327.95,22514.2,702802280,39145.02
04-Mar-25,22357.75,22535.45,22324.05,22504.9,632844944,35284.4
05-Mar-25,22495.25,22861.45,22493.95,22818.8,658110015,40241.13
06-Mar-25,22982.55,23053.95,22775.35,23038.8,693992528,43096.34
07-Mar-25,23008.35,23127.3,22956.35,23027.7,577522605,31994.11
10-Mar-25,23005.1,23155.25,22861.65,22890.75,610409670,33942.47
11-Mar-25,22752.6,22973.6,22714.8,22942.7,704464496,40551.45
12-Mar-25,22990.5,23039,22755.75,22919.9,680333308,43827.56
13-Mar-25,23002.65,23030.45,22817,22837.85,570683655,33352.84
17-Mar-25,22806.15,23029.35,22806.15,22960.8,496256980,33222.3
18-Mar-25,23116.15,23365.05,23055.95,23340.4,591941284,38089.35
19-Mar-25,23390.4,23503.25,23321.55,23468.35,637441906,39544.74
20-Mar-25,23605.3,23758.2,23509.85,23730.7,612668751,40169.18
21-Mar-25,23712.5,23958.55,23681.75,23902.1,1064056805,69433.77
24-Mar-25,24075.9,24266.95,23989.8,24214.2,680194661,42480.08
25-Mar-25,24326,24409.75,24097.15,24159.9,702797066,49181.89
26-Mar-25,24188.3,24246,23958.95,23990.4,667974276,42162.25
27-Mar-25,23934.9,24194.75,23919.4,24145.05,1648344388,75652.01
28-Mar-25,24154.15,24220.75,23992.8,24057.35,654898782,41264.8
01-Apr-25,23902.3,24110.6,23684.3,23713.8,568244241,41633.08
02-Apr-25,23742.75,23919.6,23683.9,23901.85,533770679,34184.84
03-Apr-25,23715.95,23874.65,23709.85,23833.3,533447312,34353.02
04-Apr-25,23781.75,23801.45,23375.25,23433.25,772568406,47202.24
07-Apr-25,22186.25,22767.2,22177.35,22677.9,998328123,65244.07
08-Apr-25,22992.8,23225.95,22794.2,23077.65,719150176,49193.55
09-Apr-25,23011.8,23012.4,22879,22952.45,589760099,39023.6
11-Apr-25,23280.45,23468.95,23257.75,23369.25,618306053,44260.48
15-Apr-25,23917.6,23946.5,23745.55,23917.4,678744806,46896.66
16-Apr-25,23935.85,24052.4,23865,24037.25,612229583,39511.54
17-Apr-25,24005.5,24444.2,23906.15,24418.35,749612220,50224.25
21-Apr-25,24533.4,24777.45,24475,24725.8,670720563,44694.58
22-Apr-25,24792.45,24855.95,24663.8,24770.45,706743327,46911.72
23-Apr-25,24950.15,24958.5,24700.25,24937,694103242,48252.64
24-Apr-25,24899.9,24968.15,24824.1,24860.9,641182108,46717.66
25-Apr-25,24906.1,24986.85,24383.15,24581.3,720311060,48534.73
28-Apr-25,24596,24903.75,24590.1,24874,548491529,39133.6
29-Apr-25,24929.8,25016.5,24834.35,24870.4,607321671,42906.83
30-Apr-25,24880.35,24940.8,24710.3,24843.8,707095853,55075.67
02-May-25,24822.45,25098.4,24740.3,24849.2,659622906,45635
05-May-25,24931.8,25056.1,24915.35,25010.2,588261051,40946.04
06-May-25,25050.6,25056.4,24791.3,24837.45,584725038,38527.67
07-May-25,24650.55,24919.05,24644.8,24887.2,674133423,40587.63
08-May-25,24910.4,24932.25,24548.9,24678,775376187,49992.58
09-May-25,24303.55,24559.2,24303.55,24437.55,633197268,42180.27
12-May-25,24907.2,25401.25,24880.95,25381.4,684701615,44918.25
13-May-25,25333.25,25438.2,25059.5,25087.1,787567838,50045.86
14-May-25,25126.1,25289.25,25059.25,25193.3,659905195,42694.37
15-May-25,25228.5,25617.85,25049.5,25573.05,752827798,58017.1
16-May-25,25584.25,25619.45,25511.35,25593.1,782289776,60501.85
19-May-25,25594.1,25663.35,25524.5,25551.5,548601509,36379.16
20-May-25,25612.85,25627.5,25231.35,25248.65,699191945,45709.83
21-May-25,25307.9,25514.95,25252.9,25409.1,557738819,35347.65
22-May-25,25334.8,25340.2,25073.65,25221.9,595185515,41221.86
23-May-25,25255.05,25497.6,25225.15,25453,445247211,28701.68
26-May-25,25527.45,25677.55,25514.55,25596.5,472546627,28954.12
27-May-25,25561.7,25645.8,25319.3,25436.35,750548894,57976.88
28-May-25,25450.95,25483.1,25346.1,25361.1,881497663,47733.72
29-May-25,25439.75,25491.45,25296.85,25436.3,580329489,40517.75
30-May-25,25421.3,25471.85,25308.2,25344.25,1275005595,69731.46
02-Jun-25,25277.05,25368.05,25158.8,25333.65,590392657,35846.63
03-Jun-25,25405.15,25461.55,25133.4,25162.05,612799190,40172.79
04-Jun-25,25183.25,25263.2,25128.45,25240.65,597539723,34577.24
05-Jun-25,25314.6,25507.75,25242.35,25369.75,638800924,42948.78
06-Jun-25,25376.3,25654.75,25303.05,25638.8,680563110,45540.78
09-Jun-25,25795.35,25800.25,25721.4,25779.45,539122924,37606.13
10-Jun-25,25876.6,25878.8,25727.1,25785.5,563764634,43660.33
11-Jun-25,25815.45,25892.9,25760.95,25807.1,615516929,40788.44
12-Jun-25,25834,25852.55,25459.5,25511.55,601743146,42006.37
13-Jun-25,25070.6,25361,25070.25,25331.35,554723874,37209.94
16-Jun-25,25343.65,25575.35,25280.55,25556.75,493697430,32720.96
17-Jun-25,25588.75,25591.7,25411.75,25446.7,405233559,30724.01
18-Jun-25,25392.25,25543.9,25335.15,25398.05,407275991,30900.42
19-Jun-25,25388.2,25446.7,25261.8,25320.45,533404277,35822.72
20-Jun-25,25318.7,25675.3,25318.4,25648.8,996879901,80393.78
23-Jun-25,25468.2,25615.5,25375.35,25532.95,439744556,31368.47
24-Jun-25,25757.4,25890.85,25589.4,25631.6,673075631,47755.37
25-Jun-25,25743.85,25839.25,25716.3,25822.35,456620110,34458.85
26-Jun-25,25856.6,26137,25849.45,26121.1,666869363,51647.29
27-Jun-25,26156.55,26239.95,26117.55,26223.6,891680543,66807.76
30-Jun-25,26256.85,26265.15,26088.15,26139.5,515164923,37918.97
01-Jul-25,26179.35,26209.9,26107.35,26156.1,487553115,35954.56
